generation,vitesse,taille,pv
1,1.5833333333333333,30.583333333333332,3.1666666666666665
