generation,vitesse,taille,pv,stamina
1,1.75,28.916666666666668,3.0,
2,2.4166666666666665,29.166666666666668,3.0,56.833333333333336
3,2.0,29.083333333333332,3.25,59.166666666666664
4,1.6666666666666667,28.75,3.8333333333333335,69.16666666666667
