generation,vitesse,taille,pv
1,1.75,30.833333333333332,3.1666666666666665
2,2.0,30.666666666666668,3.3333333333333335
3,2.0833333333333335,30.333333333333332,3.5
