generation,vitesse,taille,pv
1,1.6666666666666667,30.666666666666668,3.0
2,1.8333333333333333,30.416666666666668,3.25
3,1.9166666666666667,31.083333333333332,3.0
