generation,vitesse,taille,pv
1,1.8333333333333333,29.583333333333332,2.9166666666666665
2,1.9166666666666667,30.25,3.0833333333333335
3,2.25,29.916666666666668,3.5
4,2.0833333333333335,29.416666666666668,3.8333333333333335
5,2.0833333333333335,28.583333333333332,4.166666666666667
6,1.9166666666666667,28.666666666666668,4.416666666666667
