generation,vitesse,taille,pv
1,1.5833333333333333,29.083333333333332,2.75
