generation,vitesse,taille,pv
1,1.6666666666666667,29.833333333333332,2.9166666666666665
2,1.9166666666666667,31.0,3.1666666666666665
