generation,vitesse,taille,pv
1,1.5,29.75,2.8333333333333335
2,1.5833333333333333,32.0,3.0833333333333335
