generation,vitesse,taille,pv
1,1.3333333333333333,29.333333333333332,2.6666666666666665
