generation,vitesse,taille,pv,champ vision
1,1.75,29.666666666666668,3.0833333333333335,50.0
2,2.0833333333333335,31.166666666666668,3.0,49.583333333333336
3,1.8333333333333333,31.416666666666668,3.1666666666666665,49.833333333333336
