generation,vitesse,taille,pv
1,6.0,29.25,3.0833333333333335
2,5.75,27.5,2.9166666666666665
3,5.333333333333333,26.666666666666668,2.5
4,5.5,26.083333333333332,3.0
5,4.833333333333333,25.666666666666668,3.1666666666666665
6,4.666666666666667,24.75,3.5
