generation,tempsmin,tempsmax,tempsmoy
2,6.615530300000046,15.241185200000018,12.162920066666686
3,9.256049500000017,21.813004299999875,13.826710824999983
