generation,tempsmin,tempsmax,tempsmoy
2,9.917216199995892,17.949701800003822,15.109998033333492
3,9.36767079999845,18.365338699994027,15.08657170833188
4,6.53697480000119,20.239333199999237,15.123628983333523
