generation,tempsmin,tempsmax,tempsmoy
2,12.227530800038949,27.1252767998958,21.735450699993333
3,6.932556499959901,20.874421900021844,13.156846424991576
4,3.2565832999534905,15.716613200027496,11.385022416652646
5,10.561461800010875,19.779315499938093,15.414817383328531
6,7.3781747000757605,23.59661580005195,16.938399650001276
