generation,tempsmin,tempsmax,tempsmoy
2,8.334005899999283,28.778286099999605,19.742696999999833
3,13.647806900000433,26.708434099999977,20.67160764999994
