generation,tempsmin,tempsmax,tempsmoy
2,6.5848202999914065,22.855319499969482,13.131937966662614
3,7.059636999969371,16.851828899933025,12.354406749994572
4,7.841374599956907,18.975456699961796,13.809791316656629
5,11.786926300032064,20.958553200005554,15.922647925006459
6,9.670668000006117,18.479577100020833,16.067467775021214
