generation,tempsmin,tempsmax,tempsmoy
2,6.514736399999492,18.417334899999332,11.464328483333324
