generation,tempsmin,tempsmax,tempsmoy
2,6.456503699999303,38.48640460008755,24.06524536667469
3,7.4896209998987615,42.93196539999917,21.397167791690055
