generation,tempsmin,tempsmax,tempsmoy
2,7.573565399972722,32.09013419999974,22.052067824988626
